Voce,Esportazioni,Importazioni,Var. Export,Var. Import,Interscambio,Surplus,Var. Interscambio
TOTALE,1502266,1903827,12.1,13.0,3406093,-401561,12.6
Animali vivi,0,53,-100.0,90.8,53,-53,90.8
Carne e prodotti di carne,1910,13562,48.7,6.1,15472,-11652,11.4
Prodotti caseari e uova,260,6701,79.2,46.2,6961,-6441,47.4
Pesce e molluschi,8093,2764,33.6,35.8,10857,5329,34.2
Cereali e prodotti,135055,17446,19.6,44.9,152501,117609,22.5
Frutta e verdura,22103,19135,31.1,14.9,41238,2968,23.6
"Zucchero, miele, prodotti di zucchero",9481,1032,-1.1,38.1,10513,8449,2.7
"Caffe, te, cacao, spezie",1546,10666,20.2,22.2,12212,-9120,21.9
Mangimi,44990,20795,51.1,19.9,65785,24195,41.2
Vari prodotti alimentari,5047,17735,122.0,16.2,22782,-12688,39.6
Bevande,3672,6986,-57.1,30.3,10658,-3314,0.2
Tabacco e prodotti,2721,6854,171.3,339.8,9575,-4133,291.9
Pelle e pellame,2170,3854,-9.8,97.7,6024,-1684,59.0
Semi per oli e prodotti di olio,2023,344,-66.7,-49.2,2367,1679,-64.2
"Caucciu grezzo, sintetico e rigenereato",3705,5238,4.0,48.1,8943,-1533,29.8
Pioppo e legno,10799,433,-8.4,-8.5,11232,10366,-8.4
Celuloza i otpaci od hartije,0,46,-100.0,96.8,46,-46,96.8
Fibre di tessuto,185,610,29.3,42.6,795,-425,39.5
Concimi naturali e minerali,1427,2277,-100.0,57.4,3704,-850,-3.2
Minerali e scarti metallici,6650,99,36.4,49.2,6749,6551,36.6
Materie animali e vegetali,2788,9660,-4.6,27.5,12448,-6872,20.3
Carbone,0,36,-100.0,67.6,36,-36,67.6
Petrolio e prodotti petroliferi,816,21812,-11.6,26.8,22628,-20996,25.4
Gas naturale ed industriale,0,186,-100.0,98.0,186,-186,98.0
Oli e grassi animali,0,6009,-100.0,27.3,6009,-6009,27.3
Oli e grassi vegetali solidi,11335,15298,3.6,7.3,26633,-3963,5.7
Oli e grassi animali e vegetali raffinate,123,255,-77.3,291.2,378,-132,171.3
Prodotti chimici organici,13617,13582,-28.7,97.0,27199,35,34.1
Prodotti chimici non organici,3396,4765,85.2,121.7,8161,-1369,106.5
Prodotti per colorare e trattare le pelli,1699,27316,81.3,13.5,29015,-25617,17.5
Prodotti medici e farmaceutici,11182,57830,112.9,15.9,69012,-46648,31.6
"Oli essenziali, profumi",21155,43166,39.6,4.2,64321,-22011,15.8
Concimi non naturali,1984,1786,68.3,60.7,3770,198,64.7
Materie plastiche primarie,14952,55687,-12.5,20.3,70639,-40735,13.4
Materie plastiche non primarie,38307,61475,26.9,20.8,99782,-23168,23.1
Materie e prodotti chimici,11864,27836,61.6,16.5,39700,-15972,30.0
Pelle e pellame,46865,111130,35.4,37.8,157995,-64265,37.1
Prodotti di caucciu e gomma,75133,31483,39.5,113.3,106616,43650,61.3
Prodotti di pioppo e legno (esclusi mobili),19470,5834,48.9,38.2,25304,13636,46.4
"Carta, cartone, prodotti di cellulosa",39547,61802,19.2,31.3,101349,-22255,26.6
"Filati, tessuti e prodotti tessili",36829,129033,48.2,18.3,165862,-92204,24.9
Prodotti di minerali non metallici,4950,41355,41.3,16.7,46305,-36405,19.3
Ferro e acciaio,109447,102074,15.0,23.5,211521,7373,19.1
Metalli non ferrosi,55579,50139,68.0,-50.2,105718,5440,11.9
Prodotti di metallo,39971,73530,16.0,6.9,113501,-33559,10.1
Macchine motrici ed attrezzature,31640,19066,19.7,-10.7,50706,12574,8.3
Macchinari industriali,13244,79508,2.3,10.4,92752,-66264,9.2
Macchine lavorazione metallo,985,13520,2.2,-33.6,14505,-12535,-31.2
Macchine industriali per uso generale,35639,152701,14.9,20.3,188340,-117062,19.3
Macchine per uffici e computer,1436,1030,429.4,38.8,2466,406,266.3
Atrezzature per telecomunicazioni e audio,272,4689,73.8,136.5,4961,-4417,133.1
Macchine ed atrezzature elettriche,95345,73006,27.6,25.4,168351,22339,26.6
Veicoli,99409,70518,-50.2,-42.1,169927,28891,-46.8
Altri mezzi di trasporto ed atrezzature,1216,2298,132.7,646.6,3514,-1082,468.8
"Case prefabbircate, prodotti sanitari",3178,10972,37.8,5.7,14150,-7794,12.9
Mobili e articoli per arredamenti,41156,26257,39.4,60.2,67413,14899,47.5
"Prodotti per viaggiare, valigie, borse",261,1490,285.6,30.1,1751,-1229,68.2
Abbigliamento,168453,33950,24.0,46.4,202403,134503,27.8
Calzature,129003,23814,3.9,20.3,152817,105189,6.5
Strumenti scientifici e per laboratori,21409,15749,105.8,-2.9,37158,5660,59.7
"Atrezzature fotografiche, prodotti ottici, orologi",1757,1990,79.9,-37.9,3747,-233,17.3
Vari prodotti finali,29620,68831,2.6,23.3,98451,-39211,17.1
Oro,5381,2824,72.2,-100.0,8205,2557,12.9
Merce non catalogabile,16,211906,-29.3,21.1,211922,-211890,21.1
